ts	phase	decision	why	evidence	result
2026-10-05T09:43:19Z	baseline	Use released TypeScript 7.0.2 unstable sync API	Published npm package exposes checker operations; stable API unavailable	npm test: 1 pass; test/native.test.mjs	VERIFIED
2026-10-05T09:46:21Z	analyzer	Store compiler-derived results at callsite spans	Runtime assertions should not start a native compiler	npm test: 2 pass; test/analyze.test.mjs	VERIFIED
2026-10-05T09:49:10Z	runtime	Use source-hashed cache with synchronous assertion lookup	Detect stale source and mismatched compiler instead of silently passing	npm test: 3 pass; test/runtime.test.mjs	VERIFIED
2026-10-05T09:50:50Z	cli	Precache with the selected TS7 package and run compiled tests with source maps	Keep callsite lookup on original TypeScript source	npm test: 4 pass; test/typed.test.mjs	VERIFIED
2026-10-05T09:55:45Z	diagnostics	Neutralize suppression comments in a length-preserving virtual diagnostic project	Normal semantic diagnostics hide @ts-expect-error; original project retains context and source positions	npm test: 5 pass; test/suppressed.test.mjs and test/typed.test.mjs	VERIFIED
2026-10-05T09:58:24Z	measurement	Expose isolated baseline/candidate native CLI instantiation delta	No per-expression counter in TS7 JS API; semantic noEmit CLI result is a distinct algorithm	npm test: 6 pass; repeated delta and failing compiler test; test/measure.test.mjs	VERIFIED
2026-10-05T09:59:53Z	runtime-checks	Reject missing and stale cache; retain substring text matches and thrown undefined	Silent cache misses and incorrect throws would make passing tests untrustworthy	npm test: 6 pass; test/runtime.test.mjs	VERIFIED
2026-10-05T10:04:02Z	positions	Match cached call by exact source span rather than previous column on the line	A missing second same-line call could reuse the first record	npm test: 6 pass; test/typed.test.mjs rejects missing same-line record	VERIFIED
2026-10-05T10:07:03Z	combined-errors	Check runtime and suppressed compiler errors together	Attest exposes throwsAndHasTypeError for correlated failures	npm test: 6 pass; positive and negative combined assertion in test/typed.test.mjs	VERIFIED
2026-10-05T10:08:39Z	cache-schema	Validate the complete JSON cache shape before trusting it	Missing source spans previously passed validation through a type assertion	npm test: 6 pass; malformed-span rejection in test/runtime.test.mjs	VERIFIED
2026-10-05T10:09:41Z	editor-data	Exercise completions and property JSDoc through compiled assertion calls	Analyzer-only checks do not verify the serialized runtime API	npm test: 6 pass; test/typed.test.mjs includes checksEditorData	VERIFIED
2026-10-05T10:11:52Z	delivery	Document tested TS7.0.2 API and distinguish explicit benchmarks from inline Attest behavior	Published compiler API is unstable and unsupported features must remain visible	npm ci && npm test: 6 pass; packed CLI cached 12 assertions; external consumer import and typecheck pass; npm pack includes README	VERIFIED
2026-10-05T10:14:49Z	nested-calls	Require exact call-start offset for cache lookup	Overlapping nested spans let an outer cached result impersonate a missing inner call	npm test: 6 pass; nested positive and missing-inner negative; emoji preceding same-line call	VERIFIED
